Workbook

Sheet Completeness
A1: descrittore | B1: valutare? | C1: check
A2: cerca delle functional dependencies | B2: Sì | C2: 1
A3: cerca delle relaxed functional dependencies | B3: Sì | C3: 1
A6: Completeness: | B6: =SUM(C2:C5)/COUNTA(B2:B5) -> 1

Sheet Accuracy
A1: descrittore | B1: valutare? | C1: dependencies corrette | D1: dependencies sbagliate | E1: dependencies mancanti | F1: precision | G1: recall | H1: F1-score
A2: Functional Dependencies | B2: =IF(Completeness!C2=1,"Sì","No") -> Sì | C2: 0 | D2: 3 | E2: 3 | F2: =IFERROR(C2/(C2+D2),0) -> 0 | G2: =IFERROR(C2/(C2+E2),0) -> 0 | H2: =IFERROR((2*F2*G2)/(F2+G2),0) -> 0 | I2: cerca delle functional dependencies (A2)
A3: Relaxed FD | B3: =IF(Completeness!C3=1,"Sì","No") -> Sì | C3: 2 | D3: 1 | E3: 4 | F3: =IFERROR(C3/(C3+D3),0) -> 0.66666667 | G3: =IFERROR(C3/(C3+E3),0) -> 0.33333333 | H3: =IFERROR((2*F3*G3)/(F3+G3),0) -> 0.44444444 | I3: cerca delle relaxed conditional dependencies (A3)
F4: =(F2+F3)/(COUNTIF(B2:B3,"Sì")) -> 0.33333333 | G4: =(G2+G3)/(COUNTIF(B2:B3,"Sì")) -> 0.16666667 | H4: =(H2+H3)/(COUNTIF(B2:B3,"Sì")) -> 0.22222222
A6: Accuarcy (F1-score): | B6: =H4 -> 0.22222222
A9: Functional Dependencies | C9: Relaxed FD | F9: Nota
A10: zip_code -> city | C10: price <--> acre_lot <--> house_size | F10: brokered_by, street, prev_sold_date sono chiavi, l'individuazione di esse come FD non la conto come errore, ma non sono conteggiate tra le FD corrette
A11: zip_code -> state | C11: il 90% delle righe ha questa dependency, il resto no
A12: state,city -> zip_code | C12: (conto 6 FDs in totale)

Sheet Prescriptivity
A1: descrittore | B1: valutare? | C1: check
A2: la strategia per trovare le FD è prescrittiva oppure restituisce le FD trovate | B2: =IF(Completeness!C2=1,"Sì","No") -> Sì | C2: 1 | D2: cerca delle functional dependencies (A2)
A3: la strategia per trovare le relaxed FD è prescrittiva oppure restituisce le relaxed FD trovate | B3: =IF(Completeness!C3=1,"Sì","No") -> Sì | C3: 1 | D3: cerca delle relaxed functional dependencies (A3)
A6: Prescriptivity: | B6: =SUM(C2:C3)/COUNTIF(B2:B3,"Sì") -> 1

Sheet Readiness
A1: descrittore | B1: valutare? | C1: check
A2: fornisce una strategia per trovare le FD oppure restituisce le FD trovate | B2: =IF(Completeness!C2=1,"Sì","No") -> Sì | C2: 1 | D2: cerca delle functional dependencies (A2) | H2: =IF(MOD(ROW(), 2)=0, "Pari", "Dispari") -> Pari
A3: restituisce le FD trovate | B3: =IF(Completeness!C2=1,"Sì","No") -> Sì | C3: 1 | D3: cerca delle functional dependencies (A2) | H3: =IF(MOD(ROW(), 2)=0, "Pari", "Dispari") -> Dispari
A4: fornisce una strategia per trovare le relaxed FD oppure restituisce le relaxed FD trovate | B4: =IF(Completeness!C3=1,"Sì","No") -> Sì | C4: 1 | D4: cerca delle relaxed functional dependencies (A3) | H4: =IF(MOD(ROW(), 2)=0, "Pari", "Dispari") -> Pari
A5: restituisce le relaxed FD trovate | B5: =IF(Completeness!C3=1,"Sì","No") -> Sì | C5: 1 | D5: cerca delle relaxed functional dependencies (A3) | H5: =IF(MOD(ROW(), 2)=0, "Pari", "Dispari") -> Dispari
A8: Readiness: | B8: =(SUMIF(H2:H5, "Pari", C2:C5)*0.8 + SUMIF(H2:H5, "Dispari", C2:C5)*0.2) / (COUNTIF(B2:B5,"Sì")/2) -> 1

Sheet Flag
A1: hallucination flag
A3: LLM allucina | B3: No
