Workbook

Sheet Completeness
A1: colonna | B1: descrittore | C1: check
B2: menziona l'argomento (domain classification) del dataset | C2: 1
B3: menziona il numero di colonne del dataset | C3: 1
B4: menziona il numero di righe del dataset | C4: 1
B5: menziona il numero totale di missing values | C5: 0
B6: menziona il numero di duplicati (esatti) | C6: 0
B7: menziona le unique column combinations | C7: 1
B8: menziona la correlation analysis | C8: 1
A9: brokered_by | B9: menziona i missing values | C9: 1
A10: brokered_by | B10: menziona i distinct values | C10: 1
A11: brokered_by | B11: menziona il data type della colonna | C11: 1
A12: brokered_by | B12: fa la domain classification/descrive la colonna | C12: 0
A13: brokered_by | B13: menziona la frequency dei valori | C13: 0
A14: status | B14: menziona i missing values | C14: 1
A15: status | B15: menziona i distinct values | C15: 1
A16: status | B16: menziona il data type della colonna | C16: 1
A17: status | B17: fa la domain classification/descrive la colonna | C17: 0
A18: status | B18: menziona la frequency dei valori | C18: 1
A19: price | B19: menziona i missing values | C19: 1
A20: price | B20: menziona i distinct values | C20: 1
... A98: prev_sold_date | B98: menziona la frequency dei valori | C98: 1
A101: Completeness: | B101: =SUM(C2:C98)/COUNT(C2:C98) -> 0.84536082

Sheet Accuracy
A1: colonna | B1: descrittore | C1: valutare? | D1: check | E1: dipende da
B2: descrive correttamente il dataset | C2: =IF(Completeness!C2=1, "Sì", "No") -> Sì | D2: 1 | E2: menziona l'argomento (domain classification) del dataset (B2)
B3: il numero di colonne è giusto (12) / il metodo è giusto | C3: =IF(Completeness!C3=1, "Sì", "No") -> Sì | D3: 1 | E3: menziona il numero di colonne del dataset (B3)
B4: il numero di righe è giusto (100) / il metodo è giusto | C4: =IF(Completeness!C4=1, "Sì", "No") -> Sì | D4: 1 | E4: menziona il numero di righe del dataset (B4)
B5: il numero o la percentuale di missing values è giusto (195 - 16,25%) / il metodo è giusto | C5: =IF(Completeness!C5=1, "Sì", "No") -> No | D5: 0 | E5: menziona il numero totale di missing values (B5)
B6: il numero di duplicati (esatti) è giusto (0 righe duplicate) / il metodo è giusto | C6: =IF(Completeness!C6=1, "Sì", "No") -> No | D6: 0 | E6: menziona il numero di duplicati (esatti) (B6)
B7: segnala 'status', 'acre_lot', 'zip_code' come ucc / il metodo per trovarle è giusto | C7: =IF(Completeness!C7=1, "Sì", "No") -> Sì | D7: 0 | E7: menziona le unique column combinations (B7) | F7: N.B. ci sono anche altre ucc, qui è segnata quella minima
B8: segnala correlazione fra: state - zip-code, bath - house_size, house_size - state / il metodo è giusto | C8: =IF(Completeness!C8=1, "Sì", "No") -> Sì | D8: 0 | E8: menziona la correlation analysis (B8)
A9: brokered_by | B9: il numero o la percentuale di missing values è giusto (30 - 30%) / il metodo è giusto | C9: =IF(Completeness!C9=1, "Sì", "No") -> Sì | D9: 0 | E9: menziona i missing values (B9)
A10: brokered_by | B10: il numero o la percentuale di distinct values è giusto (61 - 61%) / il metodo è giusto | C10: =IF(Completeness!C10=1, "Sì", "No") -> Sì | D10: 1 | E10: menziona i distinct values (B10)
A11: brokered_by | B11: menziona che il data type è categorico | C11: =IF(Completeness!C11=1, "Sì", "No") -> Sì | D11: 0 | E11: menziona il data type della colonna (B11)
A12: brokered_by | B12: descrive correttamente la colonna: ID di agenti immobiliari | C12: =IF(Completeness!C12=1, "Sì", "No") -> No | D12: 0 | E12: fa la domain classification/descrive la colonna (B12)
A13: brokered_by | B13: l'istogramma delle frequencies è corretto / il metodo è giusto | C13: =IF(Completeness!C13=1, "Sì", "No") -> No | D13: 0 | E13: menziona la frequency dei valori (B13)
A14: status | B14: il numero o la percentuale di missing values è giusto (15 - 15%) / il metodo è giusto | C14: =IF(Completeness!C14=1, "Sì", "No") -> Sì | D14: 0 | E14: menziona i missing values (B14)
A15: status | B15: il numero o la percentuale o l'elenco di distinct values è giusto (6 - 6%) / il metodo è giusto | C15: =IF(Completeness!C15=1, "Sì", "No") -> Sì | D15: 0 | E15: menziona i distinct values (B15)
A16: status | B16: menziona che il data type è categorico | C16: =IF(Completeness!C16=1, "Sì", "No") -> Sì | D16: 0 | E16: menziona il data type della colonna (B16)
A17: status | B17: descrive correttamente la colonna: status della vendita | C17: =IF(Completeness!C17=1, "Sì", "No") -> No | D17: 0 | E17: fa la domain classification/descrive la colonna (B17)
A18: status | B18: l'istogramma delle frequencies è corretto / il metodo è giusto | C18: =IF(Completeness!C18=1, "Sì", "No") -> Sì | D18: 1 | E18: menziona la frequency dei valori (B18)
A19: price | B19: il numero o la percentuale di missing values è giusto (7 - 7%) / il metodo è giusto | C19: =IF(Completeness!C19=1, "Sì", "No") -> Sì | D19: 0 | E19: menziona i missing values (B19)
A20: price | B20: il numero o la percentuale di distinct values è giusto (68 - 68%) / il metodo è giusto | C20: =IF(Completeness!C20=1, "Sì", "No") -> Sì | D20: 0 | E20: menziona i distinct values (B20)
... A98: prev_sold_date | B98: l'istogramma delle frequencies è corretto / il metodo è giusto | C98: =IF(Completeness!C98=1, "Sì", "No") -> Sì | D98: 1 | E98: menziona la frequency dei valori (B98)
A101: Accuracy: | B101: =SUM(D2:D98)/COUNTIF(C2:C98, "Sì") -> 0.42682927
A103: Nota | B103: Diverse rappresentazioni dei null values vengono tutte convertite in nan, di fatto alterando il conto dei distinct values e gli istogrammi. Inoltre, non viene considerato -1 come valore numerico ma "-1" come stringa. Questo invalida quasi tutte le misure statistiche nelle colonne numeriche in cui sono presenti i valori -1.

Sheet Readiness
A1: colonna | B1: descrittore | C1: valutare? | D1: check | E1: dipende da
B2: esplicita il numero/percentuale di colonne oppure fornisce il codice | C2: =IF(Completeness!C3=1, "Sì", "No") -> Sì | D2: 1 | E2: menziona il numero di colonne del dataset (B3) | J2: =IF(MOD(ROW(), 2)=0, "Pari", "Dispari") -> Pari
B3: esplicita il numero/percentuale di colonne | C3: =IF(Completeness!C3=1, "Sì", "No") -> Sì | D3: 1 | E3: menziona il numero di colonne del dataset (B3) | J3: =IF(MOD(ROW(), 2)=0, "Pari", "Dispari") -> Dispari
B4: esplicita il numero/percentuale di righe oppure fornisce il codice | C4: =IF(Completeness!C4=1, "Sì", "No") -> Sì | D4: 1 | E4: menziona il numero di righe del dataset (B4) | J4: =IF(MOD(ROW(), 2)=0, "Pari", "Dispari") -> Pari
B5: esplicita il numero/percentuale di righe | C5: =IF(Completeness!C4=1, "Sì", "No") -> Sì | D5: 1 | E5: menziona il numero di righe del dataset (B4) | J5: =IF(MOD(ROW(), 2)=0, "Pari", "Dispari") -> Dispari
B6: esplicita il numero/percentuale di missing values oppure fornisce il codice | C6: =IF(Completeness!C5=1, "Sì", "No") -> No | D6: 0 | E6: menziona il numero totale di missing values (B5) | J6: =IF(MOD(ROW(), 2)=0, "Pari", "Dispari") -> Pari
B7: esplicita il numero/percentuale di missing values | C7: =IF(Completeness!C5=1, "Sì", "No") -> No | D7: 0 | E7: menziona il numero totale di missing values (B5) | J7: =IF(MOD(ROW(), 2)=0, "Pari", "Dispari") -> Dispari
B8: esplicita il numero di duplicati esatti oppure fornisce il codice | C8: =IF(Completeness!C6=1, "Sì", "No") -> No | D8: 0 | E8: menziona il numero di duplicati (esatti) (B6) | J8: =IF(MOD(ROW(), 2)=0, "Pari", "Dispari") -> Pari
B9: esplicita il numero di duplicati esatti | C9: =IF(Completeness!C6=1, "Sì", "No") -> No | D9: 0 | E9: menziona il numero di duplicati (esatti) (B6) | J9: =IF(MOD(ROW(), 2)=0, "Pari", "Dispari") -> Dispari
B10: esplicita le ucc trovate oppure fornisce il codice | C10: =IF(Completeness!C7=1, "Sì", "No") -> Sì | D10: 1 | E10: menziona le unique column combinations (B7) | J10: =IF(MOD(ROW(), 2)=0, "Pari", "Dispari") -> Pari
B11: esplicita le ucc trovate | C11: =IF(Completeness!C7=1, "Sì", "No") -> Sì | D11: 1 | E11: menziona le unique column combinations (B7) | J11: =IF(MOD(ROW(), 2)=0, "Pari", "Dispari") -> Dispari
B12: esplicita le correlazioni trovate oppure fornisce il codice | C12: =IF(Completeness!C8=1, "Sì", "No") -> Sì | D12: 1 | E12: menziona la correlation analysis (B8) | J12: =IF(MOD(ROW(), 2)=0, "Pari", "Dispari") -> Pari
B13: esplicita le correlazioni trovate | C13: =IF(Completeness!C8=1, "Sì", "No") -> Sì | D13: 1 | E13: menziona la correlation analysis (B8) | J13: =IF(MOD(ROW(), 2)=0, "Pari", "Dispari") -> Dispari
A14: brokered_by | B14: esplicita il num/percentuale di missing values oppure fornisce codice | C14: =IF(Completeness!C9=1, "Sì", "No") -> Sì | D14: 1 | E14: menziona i missing values (B9) | J14: =IF(MOD(ROW(), 2)=0, "Pari", "Dispari") -> Pari
A15: brokered_by | B15: esplicita il num/percentuale di missing values | C15: =IF(Completeness!C9=1, "Sì", "No") -> Sì | D15: 0 | E15: menziona i missing values (B9) | J15: =IF(MOD(ROW(), 2)=0, "Pari", "Dispari") -> Dispari
A16: brokered_by | B16: esplicita il num/percentuale di distinct values oppure fornisce il codice | C16: =IF(Completeness!C10=1, "Sì", "No") -> Sì | D16: 1 | E16: menziona i distinct values (B10) | J16: =IF(MOD(ROW(), 2)=0, "Pari", "Dispari") -> Pari
A17: brokered_by | B17: esplicita il num/percentuale di distinct values | C17: =IF(Completeness!C10=1, "Sì", "No") -> Sì | D17: 1 | E17: menziona i distinct values (B10) | J17: =IF(MOD(ROW(), 2)=0, "Pari", "Dispari") -> Dispari
A18: brokered_by | B18: esplicita il data type della colonna oppure fornisce il codice | C18: =IF(Completeness!C11=1, "Sì", "No") -> Sì | D18: 0 | E18: menziona il data type della colonna (B11) | J18: =IF(MOD(ROW(), 2)=0, "Pari", "Dispari") -> Pari
A19: brokered_by | B19: esplicita il data type della colonna | C19: =IF(Completeness!C11=1, "Sì", "No") -> Sì | D19: 1 | E19: menziona il data type della colonna (B11) | J19: =IF(MOD(ROW(), 2)=0, "Pari", "Dispari") -> Dispari
A20: brokered_by | B20: esplicita la frequency dei valori oppure fornisce il codice | C20: =IF(Completeness!C13=1, "Sì", "No") -> No | D20: 0 | E20: menziona la frequency dei valori (B13) | J20: =IF(MOD(ROW(), 2)=0, "Pari", "Dispari") -> Pari
A21: brokered_by | B21: esplicita la frequency dei valori | C21: =IF(Completeness!C13=1, "Sì", "No") -> No | D21: 0 | E21: menziona la frequency dei valori (B13) | J21: =IF(MOD(ROW(), 2)=0, "Pari", "Dispari") -> Dispari
A22: status | B22: esplicita il num/percentuale di missing values oppure fornisce codice | C22: =IF(Completeness!C14=1, "Sì", "No") -> Sì | D22: 1 | E22: menziona i missing values (B14) | J22: =IF(MOD(ROW(), 2)=0, "Pari", "Dispari") -> Pari
A23: status | B23: esplicita il num/percentuale di missing values | C23: =IF(Completeness!C14=1, "Sì", "No") -> Sì | D23: 0 | E23: menziona i missing values (B14) | J23: =IF(MOD(ROW(), 2)=0, "Pari", "Dispari") -> Dispari
A24: status | B24: esplicita il num/percentuale di distinct values oppure fornisce il codice | C24: =IF(Completeness!C15=1, "Sì", "No") -> Sì | D24: 1 | E24: menziona i distinct values (B15) | J24: =IF(MOD(ROW(), 2)=0, "Pari", "Dispari") -> Pari
A25: status | B25: esplicita il num/percentuale di distinct values | C25: =IF(Completeness!C15=1, "Sì", "No") -> Sì | D25: 0 | E25: menziona i distinct values (B15) | J25: =IF(MOD(ROW(), 2)=0, "Pari", "Dispari") -> Dispari
A26: status | B26: esplicita il data type della colonna oppure fornisce il codice | C26: =IF(Completeness!C16=1, "Sì", "No") -> Sì | D26: 1 | E26: menziona il data type della colonna (B16) | J26: =IF(MOD(ROW(), 2)=0, "Pari", "Dispari") -> Pari
A27: status | B27: esplicita il data type della colonna | C27: =IF(Completeness!C16=1, "Sì", "No") -> Sì | D27: 0 | E27: menziona il data type della colonna (B16) | J27: =IF(MOD(ROW(), 2)=0, "Pari", "Dispari") -> Dispari
A28: status | B28: esplicita la frequency dei valori oppure fornisce il codice | C28: =IF(Completeness!C18=1, "Sì", "No") -> Sì | D28: 1 | E28: menziona la frequency dei valori (B18) | J28: =IF(MOD(ROW(), 2)=0, "Pari", "Dispari") -> Pari
A29: status | B29: esplicita la frequency dei valori | C29: =IF(Completeness!C18=1, "Sì", "No") -> Sì | D29: 0 | E29: menziona la frequency dei valori (B18) | J29: =IF(MOD(ROW(), 2)=0, "Pari", "Dispari") -> Dispari
A30: price | B30: esplicita il num/percentuale di missing values oppure fornisce codice | C30: =IF(Completeness!C19=1, "Sì", "No") -> Sì | D30: 1 | E30: menziona i missing values (B19) | J30: =IF(MOD(ROW(), 2)=0, "Pari", "Dispari") -> Pari
A31: price | B31: esplicita il num/percentuale di missing values | C31: =IF(Completeness!C19=1, "Sì", "No") -> Sì | D31: 0 | E31: menziona i missing values (B19) | J31: =IF(MOD(ROW(), 2)=0, "Pari", "Dispari") -> Dispari
A32: price | B32: esplicita il num/percentuale di distinct values oppure fornisce il codice | C32: =IF(Completeness!C20=1, "Sì", "No") -> Sì | D32: 1 | E32: menziona i distinct values (B20) | J32: =IF(MOD(ROW(), 2)=0, "Pari", "Dispari") -> Pari
A33: price | B33: esplicita il num/percentuale di distinct values | C33: =IF(Completeness!C20=1, "Sì", "No") -> Sì | D33: 0 | E33: menziona i distinct values (B20) | J33: =IF(MOD(ROW(), 2)=0, "Pari", "Dispari") -> Dispari
A34: price | B34: esplicita il data type della colonna oppure fornisce il codice | C34: =IF(Completeness!C21=1, "Sì", "No") -> Sì | D34: 1 | E34: menziona il data type della colonna (B21) | J34: =IF(MOD(ROW(), 2)=0, "Pari", "Dispari") -> Pari
A35: price | B35: esplicita il data type della colonna | C35: =IF(Completeness!C21=1, "Sì", "No") -> Sì | D35: 0 | E35: menziona il data type della colonna (B21) | J35: =IF(MOD(ROW(), 2)=0, "Pari", "Dispari") -> Dispari
A36: price | B36: esplicita il valore minimo oppure fornisce il codice | C36: =IF(Completeness!C23=1, "Sì", "No") -> Sì | D36: 1 | E36: menziona il minimo del range dei valori (B23) | J36: =IF(MOD(ROW(), 2)=0, "Pari", "Dispari") -> Pari
A37: price | B37: esplicita il valore minimo | C37: =IF(Completeness!C23=1, "Sì", "No") -> Sì | D37: 0 | E37: menziona il minimo del range dei valori (B23) | J37: =IF(MOD(ROW(), 2)=0, "Pari", "Dispari") -> Dispari
A38: price | B38: esplicita il val massimo oppure fornisce il codice | C38: =IF(Completeness!C24=1, "Sì", "No") -> Sì | D38: 1 | E38: menziona il massimo del range dei valori (B24) | J38: =IF(MOD(ROW(), 2)=0, "Pari", "Dispari") -> Pari
A39: price | B39: esplicita il val massimo | C39: =IF(Completeness!C24=1, "Sì", "No") -> Sì | D39: 0 | E39: menziona il massimo del range dei valori (B24) | J39: =IF(MOD(ROW(), 2)=0, "Pari", "Dispari") -> Dispari
A40: price | B40: esplicita la media del range dei valori oppure fornisce il codice | C40: =IF(Completeness!C25=1, "Sì", "No") -> Sì | D40: 1 | E40: menziona la media del range dei valori (B25) | J40: =IF(MOD(ROW(), 2)=0, "Pari", "Dispari") -> Pari
A41: price | B41: esplicita la media del range dei valori | C41: =IF(Completeness!C25=1, "Sì", "No") -> Sì | D41: 0 | E41: menziona la media del range dei valori (B25) | J41: =IF(MOD(ROW(), 2)=0, "Pari", "Dispari") -> Dispari
A42: price | B42: esplicita il valore mediano oppure fornisce il codice | C42: =IF(Completeness!C26=1, "Sì", "No") -> Sì | D42: 1 | E42: menziona il valore mediano (B26) | J42: =IF(MOD(ROW(), 2)=0, "Pari", "Dispari") -> Pari
A43: price | B43: esplicita il valore mediano | C43: =IF(Completeness!C26=1, "Sì", "No") -> Sì | D43: 0 | E43: menziona il valore mediano (B26) | J43: =IF(MOD(ROW(), 2)=0, "Pari", "Dispari") -> Dispari
A44: price | B44: esplicita quartili o percentili oppure fornisce il codice | C44: =IF(Completeness!C27=1, "Sì", "No") -> Sì | D44: 1 | E44: menziona quartili o percentili (B27) | J44: =IF(MOD(ROW(), 2)=0, "Pari", "Dispari") -> Pari
A45: price | B45: esplicita quartili o percentili | C45: =IF(Completeness!C27=1, "Sì", "No") -> Sì | D45: 0 | E45: menziona quartili o percentili (B27) | J45: =IF(MOD(ROW(), 2)=0, "Pari", "Dispari") -> Dispari
A46: price | B46: esplicita la varianza o la standard deviation oppure fornisce il codice | C46: =IF(Completeness!C28=1, "Sì", "No") -> Sì | D46: 1 | E46: menziona la varianza o la standard deviation (B28) | J46: =IF(MOD(ROW(), 2)=0, "Pari", "Dispari") -> Pari
A47: price | B47: esplicita la varianza o la standard deviation | C47: =IF(Completeness!C28=1, "Sì", "No") -> Sì | D47: 0 | E47: menziona la varianza o la standard deviation (B28) | J47: =IF(MOD(ROW(), 2)=0, "Pari", "Dispari") -> Dispari
A48: price | B48: fornisce l'immagine di un grafico che mostri la distribuzione dei valori / fornisce il codice | C48: =IF(Completeness!C29=1, "Sì", "No") -> Sì | D48: 1 | E48: menziona di fare un grafico che mostri la distribuzione dei valori / fornisce il codice (B29) | J48: =IF(MOD(ROW(), 2)=0, "Pari", "Dispari") -> Pari
A49: price | B49: fornisce l'immagine di un grafico che mostri la distribuzione dei valori | C49: =IF(Completeness!C29=1, "Sì", "No") -> Sì | D49: 0 | E49: menziona di fare un grafico che mostri la distribuzione dei valori / fornisce il codice (B29) | J49: =IF(MOD(ROW(), 2)=0, "Pari", "Dispari") -> Dispari
A50: bed | B50: esplicita il num/percentuale di missing values oppure fornisce codice | C50: =IF(Completeness!C30=1, "Sì", "No") -> Sì | D50: 1 | E50: menziona i missing values (B30) | J50: =IF(MOD(ROW(), 2)=0, "Pari", "Dispari") -> Pari
A51: bed | B51: esplicita il num/percentuale di missing values | C51: =IF(Completeness!C30=1, "Sì", "No") -> Sì | D51: 0 | E51: menziona i missing values (B30) | J51: =IF(MOD(ROW(), 2)=0, "Pari", "Dispari") -> Dispari
A52: bed | B52: esplicita il num/percentuale di distinct values oppure fornisce il codice | C52: =IF(Completeness!C31=1, "Sì", "No") -> Sì | D52: 1 | E52: menziona i distinct values (B31) | J52: =IF(MOD(ROW(), 2)=0, "Pari", "Dispari") -> Pari
A53: bed | B53: esplicita il num/percentuale di distinct values | C53: =IF(Completeness!C31=1, "Sì", "No") -> Sì | D53: 0 | E53: menziona i distinct values (B31) | J53: =IF(MOD(ROW(), 2)=0, "Pari", "Dispari") -> Dispari
A54: bed | B54: esplicita il data type della colonna oppure fornisce il codice | C54: =IF(Completeness!C32=1, "Sì", "No") -> Sì | D54: 1 | E54: menziona il data type della colonna (B32) | J54: =IF(MOD(ROW(), 2)=0, "Pari", "Dispari") -> Pari
A55: bed | B55: esplicita il data type della colonna | C55: =IF(Completeness!C32=1, "Sì", "No") -> Sì | D55: 0 | E55: menziona il data type della colonna (B32) | J55: =IF(MOD(ROW(), 2)=0, "Pari", "Dispari") -> Dispari
A56: bed | B56: esplicita il val minimo oppure fornisce il codice | C56: =IF(Completeness!C34=1, "Sì", "No") -> Sì | D56: 1 | E56: menziona il minimo del range dei valori (B34) | J56: =IF(MOD(ROW(), 2)=0, "Pari", "Dispari") -> Pari
A57: bed | B57: esplicita il val minimo | C57: =IF(Completeness!C34=1, "Sì", "No") -> Sì | D57: 0 | E57: menziona il minimo del range dei valori (B34) | J57: =IF(MOD(ROW(), 2)=0, "Pari", "Dispari") -> Dispari
A58: bed | B58: esplicita il val massimo oppure fornisce il codice | C58: =IF(Completeness!C35=1, "Sì", "No") -> Sì | D58: 1 | E58: menziona il massimo del range dei valori (B35) | J58: =IF(MOD(ROW(), 2)=0, "Pari", "Dispari") -> Pari
A59: bed | B59: esplicita il val massimo | C59: =IF(Completeness!C35=1, "Sì", "No") -> Sì | D59: 0 | E59: menziona il massimo del range dei valori (B35) | J59: =IF(MOD(ROW(), 2)=0, "Pari", "Dispari") -> Dispari
A60: bed | B60: esplicita la media del range dei valori oppure fornisce il codice | C60: =IF(Completeness!C36=1, "Sì", "No") -> Sì | D60: 1 | E60: menziona la media del range dei valori (B36) | J60: =IF(MOD(ROW(), 2)=0, "Pari", "Dispari") -> Pari
A61: bed | B61: esplicita la media del range dei valori | C61: =IF(Completeness!C36=1, "Sì", "No") -> Sì | D61: 0 | E61: menziona la media del range dei valori (B36) | J61: =IF(MOD(ROW(), 2)=0, "Pari", "Dispari") -> Dispari
A62: bed | B62: esplicita il valore mediano oppure fornisce il codice | C62: =IF(Completeness!C37=1, "Sì", "No") -> Sì | D62: 1 | E62: menziona il valore mediano (B37) | J62: =IF(MOD(ROW(), 2)=0, "Pari", "Dispari") -> Pari
A63: bed | B63: esplicita il valore mediano | C63: =IF(Completeness!C37=1, "Sì", "No") -> Sì | D63: 0 | E63: menziona il valore mediano (B37) | J63: =IF(MOD(ROW(), 2)=0, "Pari", "Dispari") -> Dispari
A64: bed | B64: esplicita quartili o percentili oppure fornisce il codice | C64: =IF(Completeness!C38=1, "Sì", "No") -> Sì | D64: 1 | E64: menziona quartili o percentili (B38) | J64: =IF(MOD(ROW(), 2)=0, "Pari", "Dispari") -> Pari
A65: bed | B65: esplicita quartili o percentili | C65: =IF(Completeness!C38=1, "Sì", "No") -> Sì | D65: 0 | E65: menziona quartili o percentili (B38) | J65: =IF(MOD(ROW(), 2)=0, "Pari", "Dispari") -> Dispari
A66: bed | B66: esplicita la varianza o la standard deviation oppure fornisce il codice | C66: =IF(Completeness!C39=1, "Sì", "No") -> Sì | D66: 1 | E66: menziona la varianza o la standard deviation (B39) | J66: =IF(MOD(ROW(), 2)=0, "Pari", "Dispari") -> Pari
A67: bed | B67: esplicita la varianza o la standard deviation | C67: =IF(Completeness!C39=1, "Sì", "No") -> Sì | D67: 0 | E67: menziona la varianza o la standard deviation (B39) | J67: =IF(MOD(ROW(), 2)=0, "Pari", "Dispari") -> Dispari
A68: bed | B68: fornisce l'immagine di un grafico che mostri la distribuzione dei valori / fornisce il codice | C68: =IF(Completeness!C40=1, "Sì", "No") -> Sì | D68: 1 | E68: menziona di fare un grafico che mostri la distribuzione dei valori / fornisce il codice (B40) | J68: =IF(MOD(ROW(), 2)=0, "Pari", "Dispari") -> Pari
A69: bed | B69: fornisce l'immagine di un grafico che mostri la distribuzione dei valori | C69: =IF(Completeness!C40=1, "Sì", "No") -> Sì | D69: 0 | E69: menziona di fare un grafico che mostri la distribuzione dei valori / fornisce il codice (B40) | J69: =IF(MOD(ROW(), 2)=0, "Pari", "Dispari") -> Dispari
A70: bath | B70: esplicita il num/percentuale di missing values oppure fornisce codice | C70: =IF(Completeness!C41=1, "Sì", "No") -> Sì | D70: 1 | E70: menziona i missing values (B41) | J70: =IF(MOD(ROW(), 2)=0, "Pari", "Dispari") -> Pari
A71: bath | B71: esplicita il num/percentuale di missing values | C71: =IF(Completeness!C41=1, "Sì", "No") -> Sì | D71: 0 | E71: menziona i missing values (B41) | J71: =IF(MOD(ROW(), 2)=0, "Pari", "Dispari") -> Dispari
A72: bath | B72: esplicita il num/percentuale di distinct values oppure fornisce il codice | C72: =IF(Completeness!C42=1, "Sì", "No") -> Sì | D72: 1 | E72: menziona i distinct values (B42) | J72: =IF(MOD(ROW(), 2)=0, "Pari", "Dispari") -> Pari
A73: bath | B73: esplicita il num/percentuale di distinct values | C73: =IF(Completeness!C42=1, "Sì", "No") -> Sì | D73: 0 | E73: menziona i distinct values (B42) | J73: =IF(MOD(ROW(), 2)=0, "Pari", "Dispari") -> Dispari
A74: bath | B74: esplicita il data type della colonna oppure fornisce il codice | C74: =IF(Completeness!C43=1, "Sì", "No") -> Sì | D74: 1 | E74: menziona il data type della colonna (B43) | J74: =IF(MOD(ROW(), 2)=0, "Pari", "Dispari") -> Pari
A75: bath | B75: esplicita il data type della colonna | C75: =IF(Completeness!C43=1, "Sì", "No") -> Sì | D75: 0 | E75: menziona il data type della colonna (B43) | J75: =IF(MOD(ROW(), 2)=0, "Pari", "Dispari") -> Dispari
A76: bath | B76: esplicita il val minimo oppure fornisce il codice | C76: =IF(Completeness!C45=1, "Sì", "No") -> Sì | D76: 1 | E76: menziona il minimo del range dei valori (B45) | J76: =IF(MOD(ROW(), 2)=0, "Pari", "Dispari") -> Pari
A77: bath | B77: esplicita il val minimo | C77: =IF(Completeness!C45=1, "Sì", "No") -> Sì | D77: 0 | E77: menziona il minimo del range dei valori (B45) | J77: =IF(MOD(ROW(), 2)=0, "Pari", "Dispari") -> Dispari
A78: bath | B78: esplicita il val massimo oppure fornisce il codice | C78: =IF(Completeness!C46=1, "Sì", "No") -> Sì | D78: 1 | E78: menziona il massimo del range dei valori (B46) | J78: =IF(MOD(ROW(), 2)=0, "Pari", "Dispari") -> Pari
A79: bath | B79: esplicita il val massimo | C79: =IF(Completeness!C46=1, "Sì", "No") -> Sì | D79: 0 | E79: menziona il massimo del range dei valori (B46) | J79: =IF(MOD(ROW(), 2)=0, "Pari", "Dispari") -> Dispari
A80: bath | B80: esplicita la media del range dei valori oppure fornisce il codice | C80: =IF(Completeness!C47=1, "Sì", "No") -> Sì | D80: 1 | E80: menziona la media del range dei valori (B47) | J80: =IF(MOD(ROW(), 2)=0, "Pari", "Dispari") -> Pari
A81: bath | B81: esplicita la media del range dei valori | C81: =IF(Completeness!C47=1, "Sì", "No") -> Sì | D81: 0 | E81: menziona la media del range dei valori (B47) | J81: =IF(MOD(ROW(), 2)=0, "Pari", "Dispari") -> Dispari
A82: bath | B82: esplicita il valore mediano oppure fornisce il codice | C82: =IF(Completeness!C48=1, "Sì", "No") -> Sì | D82: 1 | E82: menziona il valore mediano (B48) | J82: =IF(MOD(ROW(), 2)=0, "Pari", "Dispari") -> Pari
A83: bath | B83: esplicita il valore mediano | C83: =IF(Completeness!C48=1, "Sì", "No") -> Sì | D83: 0 | E83: menziona il valore mediano (B48) | J83: =IF(MOD(ROW(), 2)=0, "Pari", "Dispari") -> Dispari
A84: bath | B84: esplicita quartili o percentili oppure fornisce il codice | C84: =IF(Completeness!C49=1, "Sì", "No") -> Sì | D84: 1 | E84: menziona quartili o percentili (B49) | J84: =IF(MOD(ROW(), 2)=0, "Pari", "Dispari") -> Pari
A85: bath | B85: esplicita quartili o percentili | C85: =IF(Completeness!C49=1, "Sì", "No") -> Sì | D85: 0 | E85: menziona quartili o percentili (B49) | J85: =IF(MOD(ROW(), 2)=0, "Pari", "Dispari") -> Dispari
A86: bath | B86: esplicita la varianza o la standard deviation oppure fornisce il codice | C86: =IF(Completeness!C50=1, "Sì", "No") -> Sì | D86: 1 | E86: menziona la varianza o la standard deviation (B50) | J86: =IF(MOD(ROW(), 2)=0, "Pari", "Dispari") -> Pari
A87: bath | B87: esplicita la varianza o la standard deviation | C87: =IF(Completeness!C50=1, "Sì", "No") -> Sì | D87: 0 | E87: menziona la varianza o la standard deviation (B50) | J87: =IF(MOD(ROW(), 2)=0, "Pari", "Dispari") -> Dispari
A88: bath | B88: fornisce l'immagine di un grafico che mostri la distribuzione dei valori / fornisce il codice | C88: =IF(Completeness!C51=1, "Sì", "No") -> Sì | D88: 1 | E88: menziona di fare un grafico che mostri la distribuzione dei valori / fornisce il codice (B51) | J88: =IF(MOD(ROW(), 2)=0, "Pari", "Dispari") -> Pari
A89: bath | B89: fornisce l'immagine di un grafico che mostri la distribuzione dei valori | C89: =IF(Completeness!C51=1, "Sì", "No") -> Sì | D89: 0 | E89: menziona di fare un grafico che mostri la distribuzione dei valori / fornisce il codice (B51) | J89: =IF(MOD(ROW(), 2)=0, "Pari", "Dispari") -> Dispari
A90: acre_lot | B90: esplicita il num/percentuale di missing values oppure fornisce codice | C90: =IF(Completeness!C52=1, "Sì", "No") -> Sì | D90: 1 | E90: menziona i missing values (B52) | J90: =IF(MOD(ROW(), 2)=0, "Pari", "Dispari") -> Pari
A91: acre_lot | B91: esplicita il num/percentuale di missing values | C91: =IF(Completeness!C52=1, "Sì", "No") -> Sì | D91: 0 | E91: menziona i missing values (B52) | J91: =IF(MOD(ROW(), 2)=0, "Pari", "Dispari") -> Dispari
A92: acre_lot | B92: esplicita il num/percentuale di distinct values oppure fornisce il codice | C92: =IF(Completeness!C53=1, "Sì", "No") -> Sì | D92: 1 | E92: menziona i distinct values (B53) | J92: =IF(MOD(ROW(), 2)=0, "Pari", "Dispari") -> Pari
A93: acre_lot | B93: esplicita il num/percentuale di distinct values | C93: =IF(Completeness!C53=1, "Sì", "No") -> Sì | D93: 0 | E93: menziona i distinct values (B53) | J93: =IF(MOD(ROW(), 2)=0, "Pari", "Dispari") -> Dispari
A94: acre_lot | B94: esplicita il data type della colonna oppure fornisce il codice | C94: =IF(Completeness!C54=1, "Sì", "No") -> Sì | D94: 1 | E94: menziona il data type della colonna (B54) | J94: =IF(MOD(ROW(), 2)=0, "Pari", "Dispari") -> Pari
A95: acre_lot | B95: esplicita il data type della colonna | C95: =IF(Completeness!C54=1, "Sì", "No") -> Sì | D95: 0 | E95: menziona il data type della colonna (B54) | J95: =IF(MOD(ROW(), 2)=0, "Pari", "Dispari") -> Dispari
A96: acre_lot | B96: esplicita il val minimo oppure fornisce il codice | C96: =IF(Completeness!C56=1, "Sì", "No") -> Sì | D96: 1 | E96: menziona il minimo del range dei valori (B56) | J96: =IF(MOD(ROW(), 2)=0, "Pari", "Dispari") -> Pari
A97: acre_lot | B97: esplicita il val minimo | C97: =IF(Completeness!C56=1, "Sì", "No") -> Sì | D97: 0 | E97: menziona il minimo del range dei valori (B56) | J97: =IF(MOD(ROW(), 2)=0, "Pari", "Dispari") -> Dispari
A98: acre_lot | B98: esplicita il val massimo oppure fornisce il codice | C98: =IF(Completeness!C57=1, "Sì", "No") -> Sì | D98: 1 | E98: menziona il massimo del range dei valori (B57) | J98: =IF(MOD(ROW(), 2)=0, "Pari", "Dispari") -> Pari
A99: acre_lot | B99: esplicita il val massimo | C99: =IF(Completeness!C57=1, "Sì", "No") -> Sì | D99: 0 | E99: menziona il massimo del range dei valori (B57) | J99: =IF(MOD(ROW(), 2)=0, "Pari", "Dispari") -> Dispari
A100: acre_lot | B100: esplicita la media del range dei valori oppure fornisce il codice | C100: =IF(Completeness!C58=1, "Sì", "No") -> Sì | D100: 1 | E100: menziona la media del range dei valori (B58) | J100: =IF(MOD(ROW(), 2)=0, "Pari", "Dispari") -> Pari
...

Sheet Flag
A1: hallucination flag
A3: l'LLM allucina | B3: No
